-- phpMyAdmin SQL Dump
-- version 5.0.3
-- https://www.phpmyadmin.net/
--
-- Host: 127.0.0.1
-- Generation Time: Oct 26, 2020 at 03:54 PM
-- Server version: 10.4.8-MariaDB
-- PHP Version: 7.4.11

SET SQL_MODE = "NO_AUTO_VALUE_ON_ZERO";
START TRANSACTION;
SET time_zone = "+00:00";


/*!40101 SET @OLD_CHARACTER_SET_CLIENT=@@CHARACTER_SET_CLIENT */;
/*!40101 SET @OLD_CHARACTER_SET_RESULTS=@@CHARACTER_SET_RESULTS */;
/*!40101 SET @OLD_COLLATION_CONNECTION=@@COLLATION_CONNECTION */;
/*!40101 SET NAMES utf8mb4 */;

--
-- Database: `mydb`
--

-- --------------------------------------------------------

--
-- Table structure for table `conmat`
--

CREATE TABLE `conmat` (
  `id` int(11) NOT NULL,
  `idMat` int(11) NOT NULL,
  `description` varchar(45) DEFAULT NULL,
  `min` int(11) DEFAULT NULL,
  `percentage` double DEFAULT NULL,
  `Date_added` date DEFAULT curdate(),
  `deleted` tinyint(1) NOT NULL DEFAULT 0
) ENGINE=InnoDB DEFAULT CHARSET=utf8;

--
-- Dumping data for table `conmat`
--

INSERT INTO `conmat` (`id`, `idMat`, `description`, `min`, `percentage`, `Date_added`, `deleted`) VALUES
(1, 6, 'Ipad : Discount 5% for more than 5 unit', 5, 5, '2020-10-25', 0),
(2, 7, 'OPPO Reno4 discount 5% for more than 50unit p', 50, 5, '2020-10-26', 0);

-- --------------------------------------------------------

--
-- Table structure for table `customer`
--

CREATE TABLE `customer` (
  `idCustomer` int(11) NOT NULL,
  `CustomerName` varchar(60) DEFAULT NULL,
  `CustomerStreet` varchar(45) DEFAULT NULL,
  `CustomerCountry` varchar(45) DEFAULT NULL,
  `CustomerCity` varchar(45) DEFAULT NULL,
  `CustomerPostalCode` varchar(45) DEFAULT NULL,
  `Date_added` date DEFAULT curdate(),
  `Tel` varchar(45) DEFAULT NULL,
  `Email` varchar(45) DEFAULT NULL,
  `isMember` tinyint(1) DEFAULT 0,
  `deleted` tinyint(1) DEFAULT 0
) ENGINE=InnoDB DEFAULT CHARSET=utf8;

--
-- Dumping data for table `customer`
--

INSERT INTO `customer` (`idCustomer`, `CustomerName`, `CustomerStreet`, `CustomerCountry`, `CustomerCity`, `CustomerPostalCode`, `Date_added`, `Tel`, `Email`, `isMember`, `deleted`) VALUES
(1, 'Jingxiu Zhou Company', 'DongHua Street', 'China', 'Kunming City', '650000', '2020-10-25', '13759504812@163.com', '665478921', 1, 0),
(2, 'Yaoyao Li ORG', 'Zhangmiao Street', 'China', 'Shanghai city', '200000', '2020-10-25', 'nicennnn@gmail.com', '16489123150', 0, 0),
(3, 'Peter Johnson co,ltd', 'No.16 road suthep,muang', 'Thailand', 'Chiangmai City', '50200', '2020-10-25', 'peterhaha@gmail.com', '0965842371', 0, 0),
(4, 'NUNEAR', '173/70 Jarunsanitwong 22, Bangchang lor', 'Thailand', 'Bangkok', '10700', '2020-10-26', 'deeee@gmail.com', '123456789', 1, 0);

-- --------------------------------------------------------

--
-- Table structure for table `discountdetails`
--

CREATE TABLE `discountdetails` (
  `id` int(11) NOT NULL,
  `description` varchar(45) DEFAULT NULL,
  `Total` double DEFAULT NULL
) ENGINE=InnoDB DEFAULT CHARSET=utf8;

--
-- Dumping data for table `discountdetails`
--

INSERT INTO `discountdetails` (`id`, `description`, `Total`) VALUES
(1, 'Ipad : Discount 5% for more than 5 unit', 86000),
(1, '10% discount for members', 502000),
(1, '10% discount for more than 10000', 502000),
(2, '10% discount for more than 10000', 30400),
(3, 'Ipad : Discount 5% for more than 5 unit', 96750),
(3, '10% discount for members', 468500),
(3, '10% discount for more than 10000', 468500),
(4, 'Ipad : Discount 5% for more than 5 unit', 86000),
(4, '10% discount for more than 10000', 436000),
(5, 'Ipad : Discount 5% for more than 5 unit', 94600),
(5, '10% discount for more than 10000', 479600),
(6, 'Ipad : Discount 5% for more than 5 unit', 860000),
(6, '10% discount for members', 3040000),
(6, '10% discount for more than 10000', 3040000),
(7, 'Ipad : Discount 5% for more than 5 unit', 1014800),
(7, '10% discount for members', 2927200),
(7, '10% discount for more than 10000', 2927200),
(8, 'OPPO Reno4 discount 5% for more than 50unit p', 165000),
(8, 'Ipad : Discount 5% for more than 5 unit', 215000),
(8, '10% discount for members', 760000),
(8, '10% discount for more than 10000', 760000),
(9, 'Ipad : Discount 5% for more than 5 unit', 21500000),
(9, '10% discount for members', 43000000),
(9, '10% discount for more than 10000', 43000000),
(1, 'Ipad : Discount 5% for more than 5 unit', 86000),
(1, '10% discount for members', 502000),
(1, '10% discount for more than 10000', 502000),
(2, '10% discount for more than 10000', 30400),
(3, 'Ipad : Discount 5% for more than 5 unit', 96750),
(3, '10% discount for members', 468500),
(3, '10% discount for more than 10000', 468500),
(4, 'Ipad : Discount 5% for more than 5 unit', 86000),
(4, '10% discount for more than 10000', 436000),
(5, 'Ipad : Discount 5% for more than 5 unit', 94600),
(5, '10% discount for more than 10000', 479600),
(6, 'Ipad : Discount 5% for more than 5 unit', 860000),
(6, '10% discount for members', 3040000),
(6, '10% discount for more than 10000', 3040000),
(7, 'Ipad : Discount 5% for more than 5 unit', 1014800),
(7, '10% discount for members', 2927200),
(7, '10% discount for more than 10000', 2927200),
(8, 'OPPO Reno4 discount 5% for more than 50unit p', 165000),
(8, 'Ipad : Discount 5% for more than 5 unit', 215000),
(8, '10% discount for members', 760000),
(8, '10% discount for more than 10000', 760000),
(9, 'Ipad : Discount 5% for more than 5 unit', 21500000),
(9, '10% discount for members', 43000000),
(9, '10% discount for more than 10000', 43000000),
(1, 'Ipad : Discount 5% for more than 5 unit', 86000),
(1, '10% discount for members', 502000),
(1, '10% discount for more than 10000', 502000),
(2, '10% discount for more than 10000', 30400),
(3, 'Ipad : Discount 5% for more than 5 unit', 96750),
(3, '10% discount for members', 468500),
(3, '10% discount for more than 10000', 468500),
(4, 'Ipad : Discount 5% for more than 5 unit', 86000),
(4, '10% discount for more than 10000', 436000),
(5, 'Ipad : Discount 5% for more than 5 unit', 94600),
(5, '10% discount for more than 10000', 479600),
(6, 'Ipad : Discount 5% for more than 5 unit', 860000),
(6, '10% discount for members', 3040000),
(6, '10% discount for more than 10000', 3040000),
(7, 'Ipad : Discount 5% for more than 5 unit', 1014800),
(7, '10% discount for members', 2927200),
(7, '10% discount for more than 10000', 2927200),
(8, 'OPPO Reno4 discount 5% for more than 50unit p', 165000),
(8, 'Ipad : Discount 5% for more than 5 unit', 215000),
(8, '10% discount for members', 760000),
(8, '10% discount for more than 10000', 760000),
(9, 'Ipad : Discount 5% for more than 5 unit', 21500000),
(9, '10% discount for members', 43000000),
(9, '10% discount for more than 10000', 43000000),
(1, 'Ipad : Discount 5% for more than 5 unit', 86000),
(1, '10% discount for members', 502000),
(1, '10% discount for more than 10000', 502000),
(2, '10% discount for more than 10000', 30400),
(3, 'Ipad : Discount 5% for more than 5 unit', 96750),
(3, '10% discount for members', 468500),
(3, '10% discount for more than 10000', 468500),
(4, 'Ipad : Discount 5% for more than 5 unit', 86000),
(4, '10% discount for more than 10000', 436000),
(5, 'Ipad : Discount 5% for more than 5 unit', 94600),
(5, '10% discount for more than 10000', 479600),
(6, 'Ipad : Discount 5% for more than 5 unit', 860000),
(6, '10% discount for members', 3040000),
(6, '10% discount for more than 10000', 3040000),
(7, 'Ipad : Discount 5% for more than 5 unit', 1014800),
(7, '10% discount for members', 2927200),
(7, '10% discount for more than 10000', 2927200),
(8, 'OPPO Reno4 discount 5% for more than 50unit p', 165000),
(8, 'Ipad : Discount 5% for more than 5 unit', 215000),
(8, '10% discount for members', 760000),
(8, '10% discount for more than 10000', 760000),
(9, 'Ipad : Discount 5% for more than 5 unit', 21500000),
(9, '10% discount for members', 43000000),
(9, '10% discount for more than 10000', 43000000);

-- --------------------------------------------------------

--
-- Table structure for table `documentdetails`
--

CREATE TABLE `documentdetails` (
  `idDoc` int(10) UNSIGNED ZEROFILL NOT NULL,
  `idMaterial` int(11) NOT NULL,
  `qty` int(11) NOT NULL,
  `price` double DEFAULT NULL
) ENGINE=InnoDB DEFAULT CHARSET=utf8;

--
-- Dumping data for table `documentdetails`
--

INSERT INTO `documentdetails` (`idDoc`, `idMaterial`, `qty`, `price`) VALUES
(0000000001, 6, 40, 20000),
(0000000001, 7, 40, 20000),
(0000000002, 6, 40, 20000),
(0000000002, 7, 40, 20000),
(0000000003, 6, 40, 20000),
(0000000003, 7, 40, 20000),
(0000000004, 6, 40, 20000),
(0000000004, 7, 40, 20000),
(0000000005, 10, 50, 20000),
(0000000005, 9, 50, 20000),
(0000000006, 10, 50, 20000),
(0000000006, 9, 50, 20000),
(0000000007, 10, 50, 20000),
(0000000007, 9, 50, 20000),
(0000000008, 10, 50, 20000),
(0000000008, 9, 50, 20000),
(0000000010, 6, 59, 20000),
(0000000010, 8, 45, 29099),
(0000000011, 6, 4, 4555),
(0000000011, 10, 20, 5555),
(0000000011, 9, 49, 49),
(0000000012, 6, 55, 44),
(0000000012, 10, 55, 44),
(0000000013, 6, 55, 44),
(0000000013, 10, 55, 44),
(0000000014, 6, 55, 44),
(0000000014, 10, 55, 44),
(0000000015, 6, 55, 44),
(0000000015, 10, 55, 44),
(0000000016, 6, 400, 400),
(0000000016, 7, 200, 200),
(0000000017, 6, 400, 400),
(0000000017, 7, 200, 200),
(0000000018, 6, 400, 400),
(0000000018, 7, 200, 200),
(0000000019, 6, 400, 400),
(0000000019, 7, 200, 200),
(0000000020, 6, 200, 50),
(0000000021, 6, 200, 50),
(0000000022, 6, 200, 50),
(0000000023, 6, 200, 50),
(0000000024, 6, 20, 20000),
(0000000024, 8, 20, 20000),
(0000000025, 6, 20, 20000),
(0000000025, 8, 20, 20000),
(0000000026, 6, 20, 20000),
(0000000026, 8, 20, 20000),
(0000000027, 6, 150, 500),
(0000000027, 10, 100, 500),
(0000000028, 6, 150, 500),
(0000000028, 10, 100, 500),
(0000000029, 6, 150, 500),
(0000000029, 10, 100, 500),
(0000000030, 6, 150, 500),
(0000000030, 10, 100, 500),
(0000000031, 6, 400, 5000),
(0000000031, 7, 400, 5000),
(0000000032, 6, 400, 5000),
(0000000032, 7, 400, 5000),
(0000000033, 6, 400, 5000),
(0000000033, 7, 400, 5000),
(0000000034, 6, 400, 5000),
(0000000034, 7, 400, 5000),
(0000000031, 6, 40, NULL),
(0000000031, 6, 40, NULL),
(0000000031, 6, 44, NULL),
(0000000031, 10, 45, NULL),
(0000000031, 6, 41, NULL),
(0000000031, 7, 42, NULL),
(0000000038, 6, 40, NULL),
(0000000038, 7, 40, NULL),
(0000000039, 6, 40, 25000),
(0000000039, 7, 40, 25000),
(0000000042, 6, 444, NULL),
(0000000042, 7, 444, NULL),
(0000000043, 6, 444, 500),
(0000000043, 7, 444, 500),
(0000000045, 6, 4444, NULL),
(0000000045, 9, 5555, NULL),
(0000000046, 6, 4444, 444),
(0000000046, 9, 5555, 444),
(0000000049, 6, 41, NULL),
(0000000049, 6, 41, NULL),
(0000000050, 6, 41, 44),
(0000000050, 6, 41, 44),
(0000000051, 6, 41, 44),
(0000000051, 6, 41, 44),
(0000000052, 6, 41, 44),
(0000000052, 6, 41, 44),
(0000000053, 7, 44, NULL),
(0000000053, 9, 44, NULL),
(0000000054, 7, 44, 50),
(0000000054, 9, 44, 50),
(0000000055, 7, 44, 50),
(0000000055, 9, 44, 50),
(0000000056, 7, 44, 50),
(0000000056, 9, 44, 50),
(0000000057, 6, 400, NULL),
(0000000057, 11, 500, NULL),
(0000000058, 6, 400, 5000),
(0000000058, 11, 500, 5000),
(0000000059, 6, 400, 5000),
(0000000059, 11, 500, 5000),
(0000000060, 6, 400, 5000),
(0000000060, 11, 500, 5000),
(0000000001, 6, 40, 20000),
(0000000001, 7, 40, 20000),
(0000000002, 6, 40, 20000),
(0000000002, 7, 40, 20000),
(0000000003, 6, 40, 20000),
(0000000003, 7, 40, 20000),
(0000000004, 6, 40, 20000),
(0000000004, 7, 40, 20000),
(0000000005, 10, 50, 20000),
(0000000005, 9, 50, 20000),
(0000000006, 10, 50, 20000),
(0000000006, 9, 50, 20000),
(0000000007, 10, 50, 20000),
(0000000007, 9, 50, 20000),
(0000000008, 10, 50, 20000),
(0000000008, 9, 50, 20000),
(0000000010, 6, 59, 20000),
(0000000010, 8, 45, 29099),
(0000000011, 6, 4, 4555),
(0000000011, 10, 20, 5555),
(0000000011, 9, 49, 49),
(0000000012, 6, 55, 44),
(0000000012, 10, 55, 44),
(0000000013, 6, 55, 44),
(0000000013, 10, 55, 44),
(0000000014, 6, 55, 44),
(0000000014, 10, 55, 44),
(0000000015, 6, 55, 44),
(0000000015, 10, 55, 44),
(0000000016, 6, 400, 400),
(0000000016, 7, 200, 200),
(0000000017, 6, 400, 400),
(0000000017, 7, 200, 200),
(0000000018, 6, 400, 400),
(0000000018, 7, 200, 200),
(0000000019, 6, 400, 400),
(0000000019, 7, 200, 200),
(0000000020, 6, 200, 50),
(0000000021, 6, 200, 50),
(0000000022, 6, 200, 50),
(0000000023, 6, 200, 50),
(0000000024, 6, 20, 20000),
(0000000024, 8, 20, 20000),
(0000000025, 6, 20, 20000),
(0000000025, 8, 20, 20000),
(0000000026, 6, 20, 20000),
(0000000026, 8, 20, 20000),
(0000000027, 6, 150, 500),
(0000000027, 10, 100, 500),
(0000000028, 6, 150, 500),
(0000000028, 10, 100, 500),
(0000000029, 6, 150, 500),
(0000000029, 10, 100, 500),
(0000000030, 6, 150, 500),
(0000000030, 10, 100, 500),
(0000000031, 6, 400, 5000),
(0000000031, 7, 400, 5000),
(0000000032, 6, 400, 5000),
(0000000032, 7, 400, 5000),
(0000000033, 6, 400, 5000),
(0000000033, 7, 400, 5000),
(0000000034, 6, 400, 5000),
(0000000034, 7, 400, 5000),
(0000000031, 6, 40, NULL),
(0000000031, 6, 40, NULL),
(0000000031, 6, 44, NULL),
(0000000031, 10, 45, NULL),
(0000000031, 6, 41, NULL),
(0000000031, 7, 42, NULL),
(0000000038, 6, 40, NULL),
(0000000038, 7, 40, NULL),
(0000000039, 6, 40, 25000),
(0000000039, 7, 40, 25000),
(0000000042, 6, 444, NULL),
(0000000042, 7, 444, NULL),
(0000000043, 6, 444, 500),
(0000000043, 7, 444, 500),
(0000000045, 6, 4444, NULL),
(0000000045, 9, 5555, NULL),
(0000000046, 6, 4444, 444),
(0000000046, 9, 5555, 444),
(0000000049, 6, 41, NULL),
(0000000049, 6, 41, NULL),
(0000000050, 6, 41, 44),
(0000000050, 6, 41, 44),
(0000000051, 6, 41, 44),
(0000000051, 6, 41, 44),
(0000000052, 6, 41, 44),
(0000000052, 6, 41, 44),
(0000000053, 7, 44, NULL),
(0000000053, 9, 44, NULL),
(0000000054, 7, 44, 50),
(0000000054, 9, 44, 50),
(0000000055, 7, 44, 50),
(0000000055, 9, 44, 50),
(0000000056, 7, 44, 50),
(0000000056, 9, 44, 50),
(0000000057, 6, 400, NULL),
(0000000057, 11, 500, NULL),
(0000000058, 6, 400, 5000),
(0000000058, 11, 500, 5000),
(0000000059, 6, 400, 5000),
(0000000059, 11, 500, 5000),
(0000000060, 6, 400, 5000),
(0000000060, 11, 500, 5000),
(0000000001, 6, 40, 20000),
(0000000001, 7, 40, 20000),
(0000000002, 6, 40, 20000),
(0000000002, 7, 40, 20000),
(0000000003, 6, 40, 20000),
(0000000003, 7, 40, 20000),
(0000000004, 6, 40, 20000),
(0000000004, 7, 40, 20000),
(0000000005, 10, 50, 20000),
(0000000005, 9, 50, 20000),
(0000000006, 10, 50, 20000),
(0000000006, 9, 50, 20000),
(0000000007, 10, 50, 20000),
(0000000007, 9, 50, 20000),
(0000000008, 10, 50, 20000),
(0000000008, 9, 50, 20000),
(0000000010, 6, 59, 20000),
(0000000010, 8, 45, 29099),
(0000000011, 6, 4, 4555),
(0000000011, 10, 20, 5555),
(0000000011, 9, 49, 49),
(0000000012, 6, 55, 44),
(0000000012, 10, 55, 44),
(0000000013, 6, 55, 44),
(0000000013, 10, 55, 44),
(0000000014, 6, 55, 44),
(0000000014, 10, 55, 44),
(0000000015, 6, 55, 44),
(0000000015, 10, 55, 44),
(0000000016, 6, 400, 400),
(0000000016, 7, 200, 200),
(0000000017, 6, 400, 400),
(0000000017, 7, 200, 200),
(0000000018, 6, 400, 400),
(0000000018, 7, 200, 200),
(0000000019, 6, 400, 400),
(0000000019, 7, 200, 200),
(0000000020, 6, 200, 50),
(0000000021, 6, 200, 50),
(0000000022, 6, 200, 50),
(0000000023, 6, 200, 50),
(0000000024, 6, 20, 20000),
(0000000024, 8, 20, 20000),
(0000000025, 6, 20, 20000),
(0000000025, 8, 20, 20000),
(0000000026, 6, 20, 20000),
(0000000026, 8, 20, 20000),
(0000000027, 6, 150, 500),
(0000000027, 10, 100, 500),
(0000000028, 6, 150, 500),
(0000000028, 10, 100, 500),
(0000000029, 6, 150, 500),
(0000000029, 10, 100, 500),
(0000000030, 6, 150, 500),
(0000000030, 10, 100, 500),
(0000000031, 6, 400, 5000),
(0000000031, 7, 400, 5000),
(0000000032, 6, 400, 5000),
(0000000032, 7, 400, 5000),
(0000000033, 6, 400, 5000),
(0000000033, 7, 400, 5000),
(0000000034, 6, 400, 5000),
(0000000034, 7, 400, 5000),
(0000000031, 6, 40, NULL),
(0000000031, 6, 40, NULL),
(0000000031, 6, 44, NULL),
(0000000031, 10, 45, NULL),
(0000000031, 6, 41, NULL),
(0000000031, 7, 42, NULL),
(0000000038, 6, 40, NULL),
(0000000038, 7, 40, NULL),
(0000000039, 6, 40, 25000),
(0000000039, 7, 40, 25000),
(0000000042, 6, 444, NULL),
(0000000042, 7, 444, NULL),
(0000000043, 6, 444, 500),
(0000000043, 7, 444, 500),
(0000000045, 6, 4444, NULL),
(0000000045, 9, 5555, NULL),
(0000000046, 6, 4444, 444),
(0000000046, 9, 5555, 444),
(0000000049, 6, 41, NULL),
(0000000049, 6, 41, NULL),
(0000000050, 6, 41, 44),
(0000000050, 6, 41, 44),
(0000000051, 6, 41, 44),
(0000000051, 6, 41, 44),
(0000000052, 6, 41, 44),
(0000000052, 6, 41, 44),
(0000000053, 7, 44, NULL),
(0000000053, 9, 44, NULL),
(0000000054, 7, 44, 50),
(0000000054, 9, 44, 50),
(0000000055, 7, 44, 50),
(0000000055, 9, 44, 50),
(0000000056, 7, 44, 50),
(0000000056, 9, 44, 50),
(0000000057, 6, 400, NULL),
(0000000057, 11, 500, NULL),
(0000000058, 6, 400, 5000),
(0000000058, 11, 500, 5000),
(0000000059, 6, 400, 5000),
(0000000059, 11, 500, 5000),
(0000000060, 6, 400, 5000),
(0000000060, 11, 500, 5000),
(0000000001, 6, 40, 20000),
(0000000001, 7, 40, 20000),
(0000000002, 6, 40, 20000),
(0000000002, 7, 40, 20000),
(0000000003, 6, 40, 20000),
(0000000003, 7, 40, 20000),
(0000000004, 6, 40, 20000),
(0000000004, 7, 40, 20000),
(0000000005, 10, 50, 20000),
(0000000005, 9, 50, 20000),
(0000000006, 10, 50, 20000),
(0000000006, 9, 50, 20000),
(0000000007, 10, 50, 20000),
(0000000007, 9, 50, 20000),
(0000000008, 10, 50, 20000),
(0000000008, 9, 50, 20000),
(0000000010, 6, 59, 20000),
(0000000010, 8, 45, 29099),
(0000000011, 6, 4, 4555),
(0000000011, 10, 20, 5555),
(0000000011, 9, 49, 49),
(0000000012, 6, 55, 44),
(0000000012, 10, 55, 44),
(0000000013, 6, 55, 44),
(0000000013, 10, 55, 44),
(0000000014, 6, 55, 44),
(0000000014, 10, 55, 44),
(0000000015, 6, 55, 44),
(0000000015, 10, 55, 44),
(0000000016, 6, 400, 400),
(0000000016, 7, 200, 200),
(0000000017, 6, 400, 400),
(0000000017, 7, 200, 200),
(0000000018, 6, 400, 400),
(0000000018, 7, 200, 200),
(0000000019, 6, 400, 400),
(0000000019, 7, 200, 200),
(0000000020, 6, 200, 50),
(0000000021, 6, 200, 50),
(0000000022, 6, 200, 50),
(0000000023, 6, 200, 50),
(0000000024, 6, 20, 20000),
(0000000024, 8, 20, 20000),
(0000000025, 6, 20, 20000),
(0000000025, 8, 20, 20000),
(0000000026, 6, 20, 20000),
(0000000026, 8, 20, 20000),
(0000000027, 6, 150, 500),
(0000000027, 10, 100, 500),
(0000000028, 6, 150, 500),
(0000000028, 10, 100, 500),
(0000000029, 6, 150, 500),
(0000000029, 10, 100, 500),
(0000000030, 6, 150, 500),
(0000000030, 10, 100, 500),
(0000000031, 6, 400, 5000),
(0000000031, 7, 400, 5000),
(0000000032, 6, 400, 5000),
(0000000032, 7, 400, 5000),
(0000000033, 6, 400, 5000),
(0000000033, 7, 400, 5000),
(0000000034, 6, 400, 5000),
(0000000034, 7, 400, 5000),
(0000000031, 6, 40, NULL),
(0000000031, 6, 40, NULL),
(0000000031, 6, 44, NULL),
(0000000031, 10, 45, NULL),
(0000000031, 6, 41, NULL),
(0000000031, 7, 42, NULL),
(0000000038, 6, 40, NULL),
(0000000038, 7, 40, NULL),
(0000000039, 6, 40, 25000),
(0000000039, 7, 40, 25000),
(0000000042, 6, 444, NULL),
(0000000042, 7, 444, NULL),
(0000000043, 6, 444, 500),
(0000000043, 7, 444, 500),
(0000000045, 6, 4444, NULL),
(0000000045, 9, 5555, NULL),
(0000000046, 6, 4444, 444),
(0000000046, 9, 5555, 444),
(0000000049, 6, 41, NULL),
(0000000049, 6, 41, NULL),
(0000000050, 6, 41, 44),
(0000000050, 6, 41, 44),
(0000000051, 6, 41, 44),
(0000000051, 6, 41, 44),
(0000000052, 6, 41, 44),
(0000000052, 6, 41, 44),
(0000000053, 7, 44, NULL),
(0000000053, 9, 44, NULL),
(0000000054, 7, 44, 50),
(0000000054, 9, 44, 50),
(0000000055, 7, 44, 50),
(0000000055, 9, 44, 50),
(0000000056, 7, 44, 50),
(0000000056, 9, 44, 50),
(0000000057, 6, 400, NULL),
(0000000057, 11, 500, NULL),
(0000000058, 6, 400, 5000),
(0000000058, 11, 500, 5000),
(0000000059, 6, 400, 5000),
(0000000059, 11, 500, 5000),
(0000000060, 6, 400, 5000),
(0000000060, 11, 500, 5000);

-- --------------------------------------------------------

--
-- Table structure for table `documentstat`
--

CREATE TABLE `documentstat` (
  `idDocStat` int(11) NOT NULL,
  `Name` varchar(45) NOT NULL
) ENGINE=InnoDB DEFAULT CHARSET=utf8;

--
-- Dumping data for table `documentstat`
--

INSERT INTO `documentstat` (`idDocStat`, `Name`) VALUES
(1, 'On Progress'),
(2, 'Refered'),
(3, 'Done');

-- --------------------------------------------------------

--
-- Table structure for table `doc_has_discount`
--

CREATE TABLE `doc_has_discount` (
  `id` int(11) NOT NULL
) ENGINE=InnoDB DEFAULT CHARSET=utf8;

--
-- Dumping data for table `doc_has_discount`
--

INSERT INTO `doc_has_discount` (`id`) VALUES
(1),
(2),
(3),
(4),
(5),
(6),
(7),
(8),
(9),
(10);

-- --------------------------------------------------------

--
-- Table structure for table `material`
--

CREATE TABLE `material` (
  `idMaterial` int(11) NOT NULL,
  `MaterialCode` varchar(8) NOT NULL,
  `MaterialName` varchar(45) NOT NULL,
  `MaterialDes` varchar(45) DEFAULT NULL,
  `Price` double NOT NULL,
  `weight` double NOT NULL,
  `Date_Added` date DEFAULT curdate(),
  `deleted` tinyint(1) DEFAULT 0
) ENGINE=InnoDB DEFAULT CHARSET=utf8;

--
-- Dumping data for table `material`
--

INSERT INTO `material` (`idMaterial`, `MaterialCode`, `MaterialName`, `MaterialDes`, `Price`, `weight`, `Date_Added`, `deleted`) VALUES
(1, 'IPAD0001', 'IPAD', 'Useful Technology', 43000, 0.4, '2020-10-25', 1),
(2, 'OPPO0004', 'Oppo Reno 4', 'Beautiful Apperance', 33000, 0.4, '2020-10-25', 1),
(3, 'OPPO0002', 'Oppo R11s', 'It is useful', 32200, 0.4, '2020-10-25', 1),
(4, 'CAM0001', 'Camera', 'It is use ful', 55000, 0.8, '2020-10-25', 1),
(5, 'SSTV0001', 'Samsung TV', 'Big screen,high resolution ratio', 66000, 2.1, '2020-10-25', 1),
(6, 'IPAD0001', 'Ipad', 'Useful Techonology', 43000, 0.5, '2020-10-25', 0),
(7, 'OPPO0001', 'Oppo Reno4', 'beautiful apperance', 33000, 0.4, '2020-10-25', 0),
(8, 'OPPO0002', 'Oppo r11s', 'It is useful', 32200, 0.4, '2020-10-25', 0),
(9, 'CAM0001', 'Camera', 'It is useful', 55000, 0.8, '2020-10-25', 0),
(10, 'SSTV0001', 'Samsung TV', 'Big screen, High Resolution ratio', 66000, 2.1, '2020-10-25', 0),
(11, 'Po444', 'Popular Phone', 'Popular Phone gen 1', 7000, 0.5, '2020-10-26', 0);

-- --------------------------------------------------------

--
-- Table structure for table `mmdoctype`
--

CREATE TABLE `mmdoctype` (
  `idDocType` int(11) NOT NULL,
  `Name` varchar(45) DEFAULT NULL
) ENGINE=InnoDB DEFAULT CHARSET=utf8;

--
-- Dumping data for table `mmdoctype`
--

INSERT INTO `mmdoctype` (`idDocType`, `Name`) VALUES
(1, 'PR'),
(2, 'PO'),
(3, 'GR'),
(4, 'INV');

-- --------------------------------------------------------

--
-- Table structure for table `mmdocument`
--

CREATE TABLE `mmdocument` (
  `idDoc` int(10) UNSIGNED ZEROFILL NOT NULL,
  `request_date` date NOT NULL,
  `ValidTo` date NOT NULL,
  `description` text DEFAULT NULL,
  `DocType` int(11) NOT NULL,
  `idVendors` int(11) DEFAULT NULL,
  `idStorage` int(11) NOT NULL,
  `idRef` int(10) UNSIGNED ZEROFILL DEFAULT NULL,
  `Stat` int(11) NOT NULL DEFAULT 1,
  `deleted` tinyint(1) DEFAULT 0
) ENGINE=InnoDB DEFAULT CHARSET=utf8;

--
-- Dumping data for table `mmdocument`
--

INSERT INTO `mmdocument` (`idDoc`, `request_date`, `ValidTo`, `description`, `DocType`, `idVendors`, `idStorage`, `idRef`, `Stat`, `deleted`) VALUES
(0000000001, '2020-10-27', '2020-10-31', 'Please contact me ASAP', 1, 1, 1, NULL, 2, 0),
(0000000002, '2020-10-20', '2020-10-31', 'I want this', 2, 1, 1, 0000000001, 2, 0),
(0000000003, '2020-10-25', '2020-10-25', 'OK THANKYOU SEND BILL ASAP', 3, 1, 1, 0000000002, 2, 0),
(0000000004, '2020-10-25', '2020-10-25', 'undefined', 4, 1, 1, 0000000003, 1, 0),
(0000000005, '2020-10-26', '2020-10-29', 'GOOD', 1, 1, 1, NULL, 2, 0),
(0000000006, '2020-10-28', '2020-10-30', 'TERST', 2, 1, 1, 0000000005, 2, 0),
(0000000007, '2020-10-25', '2020-10-25', '444', 3, 1, 1, 0000000006, 2, 0),
(0000000008, '2020-10-25', '2020-10-25', 'EQE', 4, 1, 1, 0000000007, 1, 0),
(0000000009, '2020-10-28', '2020-10-29', 'TEST', 1, 1, 2, NULL, 1, 0),
(0000000010, '2020-10-28', '2020-10-31', 'TST', 1, 1, 2, NULL, 1, 0),
(0000000011, '2020-10-26', '2020-10-30', 'EQEWQE', 1, 1, 2, NULL, 1, 0),
(0000000012, '2020-10-28', '2020-10-31', 'EQ', 1, 1, 2, NULL, 2, 0),
(0000000013, '2020-10-28', '2020-10-31', 'TEST', 2, 1, 2, 0000000012, 2, 0),
(0000000014, '2020-10-25', '2020-10-25', 'EQEQE', 3, 1, 2, 0000000013, 2, 0),
(0000000015, '2020-10-25', '2020-10-25', 'undefined', 4, 1, 2, 0000000014, 1, 0),
(0000000016, '2020-10-20', '2020-10-31', 'TEST', 1, 1, 1, NULL, 2, 0),
(0000000017, '2020-10-28', '2020-10-31', '555', 2, 1, 1, 0000000016, 2, 0),
(0000000018, '2020-10-25', '2020-10-25', '500', 3, 1, 1, 0000000017, 2, 0),
(0000000019, '2020-10-25', '2020-10-25', '400', 4, 1, 1, 0000000018, 1, 0),
(0000000020, '2020-10-13', '2020-10-30', 'undefined', 1, 1, 1, NULL, 2, 0),
(0000000021, '2020-10-29', '2020-10-31', 'undefined', 2, 1, 1, 0000000020, 2, 0),
(0000000022, '2020-10-26', '2020-10-26', 'undefined', 3, 1, 1, 0000000021, 2, 0),
(0000000023, '2020-10-26', '2020-10-26', 'EE', 4, 1, 1, 0000000022, 1, 0),
(0000000024, '2020-10-26', '2020-10-28', 'undefined', 1, 1, 2, NULL, 2, 0),
(0000000025, '2020-10-26', '0000-00-00', 'TEST', 2, 1, 2, 0000000024, 2, 0),
(0000000026, '2020-10-26', '2020-10-26', 'TY', 3, 1, 2, 0000000025, 2, 0),
(0000000027, '2020-10-26', '2020-10-31', 'TEST', 1, 1, 2, NULL, 2, 0),
(0000000028, '2020-10-26', '0000-00-00', 'TEST', 2, 1, 2, 0000000027, 2, 0),
(0000000029, '2020-10-26', '2020-10-26', 'TEST', 3, 1, 2, 0000000028, 2, 0),
(0000000030, '2020-10-26', '2020-10-26', 'undefined', 4, 1, 2, 0000000029, 1, 0),
(0000000031, '2020-10-26', '2020-10-31', 'POPO', 1, 1, 1, NULL, 2, 0),
(0000000032, '2020-10-30', '0000-00-00', 'I WANT IT NOW', 2, 1, 1, 0000000031, 2, 0),
(0000000033, '2020-10-26', '2020-10-26', 'I GOT IT', 3, 1, 1, 0000000032, 2, 0),
(0000000034, '2020-10-26', '2020-10-26', 'undefined', 4, 1, 1, 0000000033, 1, 0),
(0000000038, '2020-10-26', '2020-10-30', 'TEST', 1, NULL, 1, NULL, 2, 0),
(0000000039, '2020-10-26', '0000-00-00', 'undefined', 2, 1, 1, 0000000038, 2, 0),
(0000000042, '2020-10-26', '2020-10-31', 'HI WE ARE LOOKING FOR THESE MATERIAL TO BE SHIPPED ON   yyyy/mm/dd', 1, NULL, 1, NULL, 2, 0),
(0000000043, '2020-10-29', '0000-00-00', 'EQEQE', 2, 1, 1, 0000000042, 2, 0),
(0000000045, '2020-10-27', '2020-10-31', 'TEST TEST TEST', 1, NULL, 1, NULL, 2, 0),
(0000000046, '0000-00-00', '0000-00-00', 'EQEQE', 2, 1, 1, 0000000045, 2, 0),
(0000000049, '2020-10-26', '2020-10-31', 'TEST', 1, NULL, 1, NULL, 2, 0),
(0000000050, '2020-10-27', '0000-00-00', '555', 2, 1, 1, 0000000049, 2, 0),
(0000000051, '2020-10-26', '2020-10-26', 'undefined', 3, 1, 1, 0000000050, 2, 0),
(0000000052, '2020-10-26', '2020-10-26', 'TEST', 4, 1, 1, 0000000051, 1, 0),
(0000000053, '2020-10-26', '2020-10-28', 'I WANT THIS NOW', 1, NULL, 2, NULL, 2, 0),
(0000000054, '2020-10-26', '0000-00-00', 'TEST', 2, 1, 2, 0000000053, 2, 0),
(0000000055, '2020-10-26', '2020-10-26', '444 TEST', 3, 1, 2, 0000000054, 2, 0),
(0000000056, '2020-10-26', '2020-10-26', 'Thank you', 4, 1, 2, 0000000055, 1, 0),
(0000000057, '2020-10-26', '2020-10-26', 'I WANT TO BUY THESE AND SHIP ON YYYY/MM/DD', 1, NULL, 1, NULL, 2, 0),
(0000000058, '2020-10-26', '0000-00-00', 'TEST', 2, 1, 1, 0000000057, 2, 0),
(0000000059, '2020-10-26', '2020-10-26', 'THANKS I WILL PAY', 3, 1, 1, 0000000058, 2, 0),
(0000000060, '2020-10-26', '2020-10-26', 'EEE', 4, 1, 1, 0000000059, 1, 0);

-- --------------------------------------------------------

--
-- Table structure for table `org`
--

CREATE TABLE `org` (
  `idORG` int(11) NOT NULL,
  `code` varchar(45) NOT NULL,
  `ORGname` varchar(45) NOT NULL,
  `ORGStreet` varchar(45) NOT NULL,
  `ORGCountry` varchar(45) NOT NULL,
  `ORGCity` varchar(45) NOT NULL,
  `ORGPostalCode` varchar(45) NOT NULL,
  `Date_added` date DEFAULT curdate(),
  `deleted` tinyint(1) DEFAULT 0
) ENGINE=InnoDB DEFAULT CHARSET=utf8;

--
-- Dumping data for table `org`
--

INSERT INTO `org` (`idORG`, `code`, `ORGname`, `ORGStreet`, `ORGCountry`, `ORGCity`, `ORGPostalCode`, `Date_added`, `deleted`) VALUES
(1, 'EU001', 'EUPHORIA SPEED', '239 Suthep, Muang Chaiang Mai', 'Thailand', 'Chiangmai', '50200', '2020-10-26', 0);

-- --------------------------------------------------------

--
-- Table structure for table `sddoc`
--

CREATE TABLE `sddoc` (
  `idDoc` int(10) UNSIGNED ZEROFILL NOT NULL,
  `request_date` varchar(45) DEFAULT NULL,
  `valid_to` varchar(45) DEFAULT NULL,
  `description` mediumtext DEFAULT NULL,
  `idDiscount` int(11) DEFAULT NULL,
  `Type` int(11) NOT NULL,
  `Stat` int(11) NOT NULL DEFAULT 1,
  `idRef` int(10) UNSIGNED ZEROFILL DEFAULT NULL,
  `CusPO` varchar(45) DEFAULT NULL,
  `idCustomer` int(11) NOT NULL,
  `idStorage` int(11) DEFAULT NULL
) ENGINE=InnoDB DEFAULT CHARSET=utf8;

--
-- Dumping data for table `sddoc`
--

INSERT INTO `sddoc` (`idDoc`, `request_date`, `valid_to`, `description`, `idDiscount`, `Type`, `Stat`, `idRef`, `CusPO`, `idCustomer`, `idStorage`) VALUES
(0000000001, '2020-10-26', '2020-11-13', 'Test', 1, 1, 2, NULL, '', 1, NULL),
(0000000002, '2020-10-26', '2020-10-31', 'TEST', 1, 2, 2, 0000000001, '', 1, NULL),
(0000000003, '2020-10-25', '2020-10-29', 'TEST', 1, 3, 2, 0000000002, '40000', 1, NULL),
(0000000004, '2020-10-25', '2020-10-29', 'undefined', 1, 4, 2, 0000000003, '40000', 1, 1),
(0000000005, '2020-10-25', '2020-10-25', 'EQEQEQE', 1, 5, 1, 0000000003, '40000', 1, 1),
(0000000008, '2020-10-25', '2020-10-25', 'EQEQE', 1, 6, 2, 0000000005, '40000', 1, 1),
(0000000009, '2020-10-06', '2020-10-30', 'TEST', 2, 1, 2, NULL, '', 2, NULL),
(0000000010, '2020-10-06', '2020-10-31', '5', 2, 2, 2, 0000000009, '', 2, NULL),
(0000000011, '2020-10-25', '2020-10-26', '44', 2, 3, 2, 0000000010, '50000', 2, NULL),
(0000000012, '2020-10-25', '2020-10-26', 'LETGO', 2, 4, 2, 0000000011, '50000', 2, 1),
(0000000013, '2020-10-25', '2020-10-25', 'OK', 2, 5, 1, 0000000011, '50000', 2, 1),
(0000000014, '2020-10-25', '2020-10-25', 'TEST', 2, 6, 2, 0000000013, '50000', 2, 1),
(0000000015, '2020-10-25', '2020-10-25', 'undefined', 2, 6, 2, 0000000013, '50000', 2, 1),
(0000000016, '2020-10-28', '2020-10-31', 'EQ', 3, 1, 2, NULL, '', 1, NULL),
(0000000017, '2020-10-28', '2020-10-30', 'test', 3, 2, 2, 0000000016, '', 1, NULL),
(0000000018, '2020-10-25', '2020-10-01', 'YES', 3, 3, 2, 0000000017, '580000', 1, NULL),
(0000000019, '2020-10-25', '2020-10-01', 'EQEQ', 3, 4, 2, 0000000018, '580000', 1, 1),
(0000000020, '2020-10-25', '2020-10-25', 'TEST', 3, 5, 1, 0000000018, '580000', 1, 1),
(0000000021, '2020-10-25', '2020-10-25', 'EQE', 3, 6, 2, 0000000020, '580000', 1, 1),
(0000000022, '2020-10-26', '2020-10-28', 'EQ', 4, 1, 2, NULL, '', 3, NULL),
(0000000023, '2020-10-26', '2020-10-31', 'EQ', 4, 2, 2, 0000000022, '', 3, NULL),
(0000000024, '2020-10-25', '2020-10-31', 'EQ', 4, 3, 2, 0000000023, '50000', 3, NULL),
(0000000025, '2020-10-25', '2020-10-31', 'TEST', 4, 4, 2, 0000000024, '50000', 3, 2),
(0000000026, '2020-10-25', '2020-10-25', 'undefined', 4, 5, 2, 0000000024, '50000', 3, 2),
(0000000027, '2020-10-25', '2020-10-25', 'undefined', 4, 6, 2, 0000000026, '50000', 3, 2),
(0000000028, '2020-10-15', '2020-10-23', 'EQEQ', 5, 1, 2, NULL, '', 2, NULL),
(0000000029, '2020-10-15', '2020-10-24', '44', 5, 2, 2, 0000000028, '', 2, NULL),
(0000000030, '2020-10-25', '2020-10-27', 'EQ', 5, 3, 1, 0000000029, '79898', 2, NULL),
(0000000031, '2020-10-25', '2020-10-25', 'GZI', 4, 6, 2, 0000000026, '50000', 3, 2),
(0000000032, '2020-10-25', '2020-10-25', '4', 4, 6, 2, 0000000026, '50000', 3, 2),
(0000000033, '2020-10-25', '2020-10-25', 'eq', 4, 6, 2, 0000000026, '50000', 3, 2),
(0000000034, '2020-10-25', '2020-10-25', 't', 4, 6, 2, 0000000026, '50000', 3, 2),
(0000000035, '2020-10-27', '2020-10-29', '400', 6, 1, 2, NULL, '', 1, NULL),
(0000000036, '2020-10-27', '2020-10-30', '50', 6, 2, 2, 0000000035, '', 1, NULL),
(0000000037, '2020-10-25', '2020-10-27', '45', 6, 3, 2, 0000000036, '50000', 1, NULL),
(0000000038, '2020-10-26', '2020-10-31', 'undefined', 7, 1, 2, NULL, '', 1, NULL),
(0000000039, '2020-10-26', '2020-10-30', '45', 7, 2, 2, 0000000038, '', 1, NULL),
(0000000040, '2020-10-26', '2020-10-27', 'HELLO', 7, 3, 2, 0000000039, '50000', 1, NULL),
(0000000041, '2020-10-26', '2020-10-27', 'undefined', 7, 4, 2, 0000000040, '50000', 1, 1),
(0000000042, '2020-10-26', '2020-10-26', 'TEST', 7, 5, 1, 0000000040, '50000', 1, 1),
(0000000043, '2020-10-26', '2020-10-26', 'undefined', 7, 5, 1, 0000000040, '50000', 1, 1),
(0000000044, '2020-10-26', '2020-10-26', 'TEST', 7, 5, 2, 0000000040, '50000', 1, 1),
(0000000045, '2020-10-26', '2020-10-26', 'undefined', 7, 6, 2, 0000000044, '50000', 1, 1),
(0000000046, '2020-10-26', '2020-10-28', '', 8, 1, 2, NULL, '', 4, NULL),
(0000000047, '2020-10-26', '2020-10-28', 'TEST', 8, 2, 2, 0000000046, '', 4, NULL),
(0000000048, '2020-10-26', '2020-10-26', 'LETS GO', 8, 3, 2, 0000000047, '48000', 4, NULL),
(0000000049, '2020-10-26', '2020-10-26', 'undefined', 8, 4, 2, 0000000048, '48000', 4, 1),
(0000000050, '2020-10-26', '2020-10-26', 'undefined', 8, 5, 2, 0000000048, '48000', 4, 1),
(0000000051, '2020-10-26', '2020-10-26', 'THANK YOU', 8, 6, 2, 0000000050, '48000', 4, 1),
(0000000052, '2020-10-21', '2020-10-31', 'TEST', 9, 1, 2, NULL, '', 1, NULL),
(0000000053, '2020-10-21', '2020-10-31', '444', 9, 2, 1, 0000000052, '', 1, NULL),
(0000000054, '2020-10-26', '2020-10-30', 'eq', 10, 1, 1, NULL, '', 1, NULL),
(0000000055, '2020-10-26', '2020-10-27', 'EE', 6, 4, 1, 0000000037, '50000', 1, 1);

-- --------------------------------------------------------

--
-- Table structure for table `sddocdetails`
--

CREATE TABLE `sddocdetails` (
  `idDoc` int(10) UNSIGNED ZEROFILL NOT NULL,
  `matID` int(11) NOT NULL,
  `qty` int(11) NOT NULL
) ENGINE=InnoDB DEFAULT CHARSET=utf8;

--
-- Dumping data for table `sddocdetails`
--

INSERT INTO `sddocdetails` (`idDoc`, `matID`, `qty`) VALUES
(0000000001, 6, 40),
(0000000001, 10, 50),
(0000000002, 6, 40),
(0000000002, 10, 50),
(0000000003, 6, 40),
(0000000003, 10, 50),
(0000000004, 6, 40),
(0000000004, 10, 50),
(0000000005, 6, 40),
(0000000005, 10, 50),
(0000000008, 6, 40),
(0000000008, 10, 50),
(0000000009, 6, 4),
(0000000009, 7, 4),
(0000000010, 6, 4),
(0000000010, 7, 4),
(0000000011, 6, 4),
(0000000011, 7, 4),
(0000000012, 6, 4),
(0000000012, 7, 4),
(0000000013, 6, 4),
(0000000013, 7, 4),
(0000000014, 6, 4),
(0000000014, 7, 4),
(0000000015, 6, 4),
(0000000015, 7, 4),
(0000000016, 6, 45),
(0000000016, 9, 50),
(0000000017, 6, 45),
(0000000017, 9, 50),
(0000000018, 6, 45),
(0000000018, 9, 50),
(0000000019, 6, 45),
(0000000019, 9, 50),
(0000000020, 6, 45),
(0000000020, 9, 50),
(0000000021, 6, 45),
(0000000021, 9, 50),
(0000000022, 6, 40),
(0000000022, 10, 40),
(0000000023, 6, 40),
(0000000023, 10, 40),
(0000000024, 6, 40),
(0000000024, 10, 40),
(0000000025, 6, 40),
(0000000025, 10, 40),
(0000000026, 6, 40),
(0000000026, 10, 40),
(0000000027, 6, 40),
(0000000027, 10, 40),
(0000000028, 6, 44),
(0000000028, 10, 44),
(0000000029, 6, 44),
(0000000029, 10, 44),
(0000000030, 6, 44),
(0000000030, 10, 44),
(0000000031, 6, 40),
(0000000031, 10, 40),
(0000000032, 6, 40),
(0000000032, 10, 40),
(0000000033, 6, 40),
(0000000033, 10, 40),
(0000000034, 6, 40),
(0000000034, 10, 40),
(0000000035, 6, 400),
(0000000035, 7, 400),
(0000000036, 6, 400),
(0000000036, 7, 400),
(0000000037, 6, 400),
(0000000037, 7, 400),
(0000000038, 6, 472),
(0000000038, 7, 272),
(0000000039, 6, 472),
(0000000039, 7, 272),
(0000000040, 6, 472),
(0000000040, 7, 272),
(0000000041, 6, 472),
(0000000041, 7, 272),
(0000000042, 6, 472),
(0000000042, 7, 272),
(0000000043, 6, 472),
(0000000043, 7, 272),
(0000000044, 6, 472),
(0000000044, 7, 272),
(0000000045, 6, 472),
(0000000045, 7, 272),
(0000000046, 7, 100),
(0000000046, 6, 100),
(0000000047, 7, 100),
(0000000047, 6, 100),
(0000000048, 7, 100),
(0000000048, 6, 100),
(0000000049, 7, 100),
(0000000049, 6, 100),
(0000000050, 7, 100),
(0000000050, 6, 100),
(0000000051, 7, 100),
(0000000051, 6, 100),
(0000000052, 6, 10000),
(0000000053, 6, 10000),
(0000000054, 6, 4),
(0000000054, 11, 4),
(0000000054, 8, 4),
(0000000055, 6, 400),
(0000000055, 7, 400),
(0000000001, 6, 40),
(0000000001, 10, 50),
(0000000002, 6, 40),
(0000000002, 10, 50),
(0000000003, 6, 40),
(0000000003, 10, 50),
(0000000004, 6, 40),
(0000000004, 10, 50),
(0000000005, 6, 40),
(0000000005, 10, 50),
(0000000008, 6, 40),
(0000000008, 10, 50),
(0000000009, 6, 4),
(0000000009, 7, 4),
(0000000010, 6, 4),
(0000000010, 7, 4),
(0000000011, 6, 4),
(0000000011, 7, 4),
(0000000012, 6, 4),
(0000000012, 7, 4),
(0000000013, 6, 4),
(0000000013, 7, 4),
(0000000014, 6, 4),
(0000000014, 7, 4),
(0000000015, 6, 4),
(0000000015, 7, 4),
(0000000016, 6, 45),
(0000000016, 9, 50),
(0000000017, 6, 45),
(0000000017, 9, 50),
(0000000018, 6, 45),
(0000000018, 9, 50),
(0000000019, 6, 45),
(0000000019, 9, 50),
(0000000020, 6, 45),
(0000000020, 9, 50),
(0000000021, 6, 45),
(0000000021, 9, 50),
(0000000022, 6, 40),
(0000000022, 10, 40),
(0000000023, 6, 40),
(0000000023, 10, 40),
(0000000024, 6, 40),
(0000000024, 10, 40),
(0000000025, 6, 40),
(0000000025, 10, 40),
(0000000026, 6, 40),
(0000000026, 10, 40),
(0000000027, 6, 40),
(0000000027, 10, 40),
(0000000028, 6, 44),
(0000000028, 10, 44),
(0000000029, 6, 44),
(0000000029, 10, 44),
(0000000030, 6, 44),
(0000000030, 10, 44),
(0000000031, 6, 40),
(0000000031, 10, 40),
(0000000032, 6, 40),
(0000000032, 10, 40),
(0000000033, 6, 40),
(0000000033, 10, 40),
(0000000034, 6, 40),
(0000000034, 10, 40),
(0000000035, 6, 400),
(0000000035, 7, 400),
(0000000036, 6, 400),
(0000000036, 7, 400),
(0000000037, 6, 400),
(0000000037, 7, 400),
(0000000038, 6, 472),
(0000000038, 7, 272),
(0000000039, 6, 472),
(0000000039, 7, 272),
(0000000040, 6, 472),
(0000000040, 7, 272),
(0000000041, 6, 472),
(0000000041, 7, 272),
(0000000042, 6, 472),
(0000000042, 7, 272),
(0000000043, 6, 472),
(0000000043, 7, 272),
(0000000044, 6, 472),
(0000000044, 7, 272),
(0000000045, 6, 472),
(0000000045, 7, 272),
(0000000046, 7, 100),
(0000000046, 6, 100),
(0000000047, 7, 100),
(0000000047, 6, 100),
(0000000048, 7, 100),
(0000000048, 6, 100),
(0000000049, 7, 100),
(0000000049, 6, 100),
(0000000050, 7, 100),
(0000000050, 6, 100),
(0000000051, 7, 100),
(0000000051, 6, 100),
(0000000052, 6, 10000),
(0000000053, 6, 10000),
(0000000054, 6, 4),
(0000000054, 11, 4),
(0000000054, 8, 4),
(0000000055, 6, 400),
(0000000055, 7, 400),
(0000000001, 6, 40),
(0000000001, 10, 50),
(0000000002, 6, 40),
(0000000002, 10, 50),
(0000000003, 6, 40),
(0000000003, 10, 50),
(0000000004, 6, 40),
(0000000004, 10, 50),
(0000000005, 6, 40),
(0000000005, 10, 50),
(0000000008, 6, 40),
(0000000008, 10, 50),
(0000000009, 6, 4),
(0000000009, 7, 4),
(0000000010, 6, 4),
(0000000010, 7, 4),
(0000000011, 6, 4),
(0000000011, 7, 4),
(0000000012, 6, 4),
(0000000012, 7, 4),
(0000000013, 6, 4),
(0000000013, 7, 4),
(0000000014, 6, 4),
(0000000014, 7, 4),
(0000000015, 6, 4),
(0000000015, 7, 4),
(0000000016, 6, 45),
(0000000016, 9, 50),
(0000000017, 6, 45),
(0000000017, 9, 50),
(0000000018, 6, 45),
(0000000018, 9, 50),
(0000000019, 6, 45),
(0000000019, 9, 50),
(0000000020, 6, 45),
(0000000020, 9, 50),
(0000000021, 6, 45),
(0000000021, 9, 50),
(0000000022, 6, 40),
(0000000022, 10, 40),
(0000000023, 6, 40),
(0000000023, 10, 40),
(0000000024, 6, 40),
(0000000024, 10, 40),
(0000000025, 6, 40),
(0000000025, 10, 40),
(0000000026, 6, 40),
(0000000026, 10, 40),
(0000000027, 6, 40),
(0000000027, 10, 40),
(0000000028, 6, 44),
(0000000028, 10, 44),
(0000000029, 6, 44),
(0000000029, 10, 44),
(0000000030, 6, 44),
(0000000030, 10, 44),
(0000000031, 6, 40),
(0000000031, 10, 40),
(0000000032, 6, 40),
(0000000032, 10, 40),
(0000000033, 6, 40),
(0000000033, 10, 40),
(0000000034, 6, 40),
(0000000034, 10, 40),
(0000000035, 6, 400),
(0000000035, 7, 400),
(0000000036, 6, 400),
(0000000036, 7, 400),
(0000000037, 6, 400),
(0000000037, 7, 400),
(0000000038, 6, 472),
(0000000038, 7, 272),
(0000000039, 6, 472),
(0000000039, 7, 272),
(0000000040, 6, 472),
(0000000040, 7, 272),
(0000000041, 6, 472),
(0000000041, 7, 272),
(0000000042, 6, 472),
(0000000042, 7, 272),
(0000000043, 6, 472),
(0000000043, 7, 272),
(0000000044, 6, 472),
(0000000044, 7, 272),
(0000000045, 6, 472),
(0000000045, 7, 272),
(0000000046, 7, 100),
(0000000046, 6, 100),
(0000000047, 7, 100),
(0000000047, 6, 100),
(0000000048, 7, 100),
(0000000048, 6, 100),
(0000000049, 7, 100),
(0000000049, 6, 100),
(0000000050, 7, 100),
(0000000050, 6, 100),
(0000000051, 7, 100),
(0000000051, 6, 100),
(0000000052, 6, 10000),
(0000000053, 6, 10000),
(0000000054, 6, 4),
(0000000054, 11, 4),
(0000000054, 8, 4),
(0000000055, 6, 400),
(0000000055, 7, 400),
(0000000001, 6, 40),
(0000000001, 10, 50),
(0000000002, 6, 40),
(0000000002, 10, 50),
(0000000003, 6, 40),
(0000000003, 10, 50),
(0000000004, 6, 40),
(0000000004, 10, 50),
(0000000005, 6, 40),
(0000000005, 10, 50),
(0000000008, 6, 40),
(0000000008, 10, 50),
(0000000009, 6, 4),
(0000000009, 7, 4),
(0000000010, 6, 4),
(0000000010, 7, 4),
(0000000011, 6, 4),
(0000000011, 7, 4),
(0000000012, 6, 4),
(0000000012, 7, 4),
(0000000013, 6, 4),
(0000000013, 7, 4),
(0000000014, 6, 4),
(0000000014, 7, 4),
(0000000015, 6, 4),
(0000000015, 7, 4),
(0000000016, 6, 45),
(0000000016, 9, 50),
(0000000017, 6, 45),
(0000000017, 9, 50),
(0000000018, 6, 45),
(0000000018, 9, 50),
(0000000019, 6, 45),
(0000000019, 9, 50),
(0000000020, 6, 45),
(0000000020, 9, 50),
(0000000021, 6, 45),
(0000000021, 9, 50),
(0000000022, 6, 40),
(0000000022, 10, 40),
(0000000023, 6, 40),
(0000000023, 10, 40),
(0000000024, 6, 40),
(0000000024, 10, 40),
(0000000025, 6, 40),
(0000000025, 10, 40),
(0000000026, 6, 40),
(0000000026, 10, 40),
(0000000027, 6, 40),
(0000000027, 10, 40),
(0000000028, 6, 44),
(0000000028, 10, 44),
(0000000029, 6, 44),
(0000000029, 10, 44),
(0000000030, 6, 44),
(0000000030, 10, 44),
(0000000031, 6, 40),
(0000000031, 10, 40),
(0000000032, 6, 40),
(0000000032, 10, 40),
(0000000033, 6, 40),
(0000000033, 10, 40),
(0000000034, 6, 40),
(0000000034, 10, 40),
(0000000035, 6, 400),
(0000000035, 7, 400),
(0000000036, 6, 400),
(0000000036, 7, 400),
(0000000037, 6, 400),
(0000000037, 7, 400),
(0000000038, 6, 472),
(0000000038, 7, 272),
(0000000039, 6, 472),
(0000000039, 7, 272),
(0000000040, 6, 472),
(0000000040, 7, 272),
(0000000041, 6, 472),
(0000000041, 7, 272),
(0000000042, 6, 472),
(0000000042, 7, 272),
(0000000043, 6, 472),
(0000000043, 7, 272),
(0000000044, 6, 472),
(0000000044, 7, 272),
(0000000045, 6, 472),
(0000000045, 7, 272),
(0000000046, 7, 100),
(0000000046, 6, 100),
(0000000047, 7, 100),
(0000000047, 6, 100),
(0000000048, 7, 100),
(0000000048, 6, 100),
(0000000049, 7, 100),
(0000000049, 6, 100),
(0000000050, 7, 100),
(0000000050, 6, 100),
(0000000051, 7, 100),
(0000000051, 6, 100),
(0000000052, 6, 10000),
(0000000053, 6, 10000),
(0000000054, 6, 4),
(0000000054, 11, 4),
(0000000054, 8, 4),
(0000000055, 6, 400),
(0000000055, 7, 400);

-- --------------------------------------------------------

--
-- Table structure for table `sdtype`
--

CREATE TABLE `sdtype` (
  `Type` int(11) NOT NULL,
  `Name` varchar(45) DEFAULT NULL
) ENGINE=InnoDB DEFAULT CHARSET=utf8;

--
-- Dumping data for table `sdtype`
--

INSERT INTO `sdtype` (`Type`, `Name`) VALUES
(1, 'Inquiry'),
(2, 'Quotation'),
(3, 'Purchase Order'),
(4, 'Picking'),
(5, 'Packing'),
(6, 'Billing');

-- --------------------------------------------------------

--
-- Table structure for table `sources`
--

CREATE TABLE `sources` (
  `idSources` int(11) NOT NULL,
  `Date_added` date DEFAULT curdate(),
  `deleted` tinyint(1) DEFAULT 0,
  `idVendors` int(11) NOT NULL,
  `idMaterial` int(11) NOT NULL
) ENGINE=InnoDB DEFAULT CHARSET=utf8;

--
-- Dumping data for table `sources`
--

INSERT INTO `sources` (`idSources`, `Date_added`, `deleted`, `idVendors`, `idMaterial`) VALUES
(1, '2020-10-25', 0, 1, 6),
(2, '2020-10-26', 0, 1, 6);

-- --------------------------------------------------------

--
-- Table structure for table `stock`
--

CREATE TABLE `stock` (
  `idStorage` int(11) NOT NULL,
  `idMaterial` int(11) NOT NULL,
  `qty` int(11) NOT NULL,
  `Date_added` date DEFAULT curdate(),
  `StockStat` int(11) NOT NULL
) ENGINE=InnoDB DEFAULT CHARSET=utf8;

--
-- Dumping data for table `stock`
--

INSERT INTO `stock` (`idStorage`, `idMaterial`, `qty`, `Date_added`, `StockStat`) VALUES
(1, 6, 0, '2020-10-25', 1),
(2, 6, 0, '2020-10-25', 1),
(1, 7, 0, '2020-10-25', 1),
(2, 7, 0, '2020-10-25', 1),
(1, 8, 0, '2020-10-25', 1),
(2, 8, 0, '2020-10-25', 1),
(1, 9, 0, '2020-10-25', 1),
(2, 9, 0, '2020-10-25', 1),
(1, 10, 0, '2020-10-25', 1),
(2, 10, 0, '2020-10-25', 1),
(1, 6, 40, '2020-10-25', 1),
(1, 7, 40, '2020-10-25', 1),
(1, 6, 40, '2020-10-25', 1),
(1, 7, 40, '2020-10-25', 1),
(1, 6, 40, '2020-10-25', 2),
(1, 10, 50, '2020-10-25', 2),
(1, 6, 40, '2020-10-25', 3),
(1, 10, 50, '2020-10-25', 3),
(1, 6, 4, '2020-10-25', 2),
(1, 7, 4, '2020-10-25', 2),
(1, 6, 4, '2020-10-25', 3),
(1, 7, 4, '2020-10-25', 3),
(1, 6, -4, '2020-10-25', 1),
(1, 7, -4, '2020-10-25', 1),
(1, 6, 4, '2020-10-25', 3),
(1, 7, 4, '2020-10-25', 3),
(1, 6, -4, '2020-10-25', 1),
(1, 7, -4, '2020-10-25', 1),
(1, 10, 50, '2020-10-25', 1),
(1, 9, 50, '2020-10-25', 1),
(1, 6, 45, '2020-10-25', 2),
(1, 9, 50, '2020-10-25', 2),
(1, 6, 45, '2020-10-25', 3),
(1, 9, 50, '2020-10-25', 3),
(1, 6, -45, '2020-10-25', 1),
(1, 9, -50, '2020-10-25', 1),
(2, 6, 55, '2020-10-25', 1),
(2, 10, 55, '2020-10-25', 1),
(2, 6, 40, '2020-10-25', 2),
(2, 10, 40, '2020-10-25', 2),
(2, 6, 40, '2020-10-25', 3),
(2, 10, 40, '2020-10-25', 3),
(2, 6, -40, '2020-10-25', 1),
(2, 10, -40, '2020-10-25', 1),
(2, 6, 40, '2020-10-25', 3),
(2, 10, 40, '2020-10-25', 3),
(2, 6, -40, '2020-10-25', 1),
(2, 10, -40, '2020-10-25', 1),
(1, 6, 400, '2020-10-25', 1),
(1, 7, 200, '2020-10-25', 1),
(1, 6, 200, '2020-10-26', 1),
(1, 6, 472, '2020-10-26', 2),
(1, 7, 272, '2020-10-26', 2),
(1, 6, 472, '2020-10-26', 3),
(1, 7, 272, '2020-10-26', 3),
(1, 6, -472, '2020-10-26', 1),
(1, 7, -272, '2020-10-26', 1),
(2, 6, 20, '2020-10-26', 1),
(2, 8, 20, '2020-10-26', 1),
(2, 6, 150, '2020-10-26', 1),
(2, 10, 100, '2020-10-26', 1),
(1, 11, 0, '2020-10-26', 1),
(2, 11, 0, '2020-10-26', 1),
(1, 6, 400, '2020-10-26', 1),
(1, 7, 400, '2020-10-26', 1),
(1, 7, 100, '2020-10-26', 2),
(1, 6, 100, '2020-10-26', 2),
(1, 7, 100, '2020-10-26', 3),
(1, 6, 100, '2020-10-26', 3),
(1, 7, -100, '2020-10-26', 1),
(1, 6, -100, '2020-10-26', 1),
(1, 6, 40, '2020-10-26', 1),
(1, 7, 40, '2020-10-26', 1),
(1, 6, 444, '2020-10-26', 1),
(1, 7, 444, '2020-10-26', 1),
(1, 6, 4444, '2020-10-26', 1),
(1, 9, 5555, '2020-10-26', 1),
(1, 6, 4444, '2020-10-26', 1),
(1, 9, 5555, '2020-10-26', 1),
(1, 6, 41, '2020-10-26', 1),
(1, 6, 41, '2020-10-26', 1),
(2, 7, 44, '2020-10-26', 1),
(2, 9, 44, '2020-10-26', 1),
(1, 6, 400, '2020-10-26', 1),
(1, 11, 500, '2020-10-26', 1),
(1, 6, 400, '2020-10-26', 2),
(1, 7, 400, '2020-10-26', 2),
(1, 6, 0, '2020-10-25', 1),
(2, 6, 0, '2020-10-25', 1),
(1, 7, 0, '2020-10-25', 1),
(2, 7, 0, '2020-10-25', 1),
(1, 8, 0, '2020-10-25', 1),
(2, 8, 0, '2020-10-25', 1),
(1, 9, 0, '2020-10-25', 1),
(2, 9, 0, '2020-10-25', 1),
(1, 10, 0, '2020-10-25', 1),
(2, 10, 0, '2020-10-25', 1),
(1, 6, 40, '2020-10-25', 1),
(1, 7, 40, '2020-10-25', 1),
(1, 6, 40, '2020-10-25', 1),
(1, 7, 40, '2020-10-25', 1),
(1, 6, 40, '2020-10-25', 2),
(1, 10, 50, '2020-10-25', 2),
(1, 6, 40, '2020-10-25', 3),
(1, 10, 50, '2020-10-25', 3),
(1, 6, 4, '2020-10-25', 2),
(1, 7, 4, '2020-10-25', 2),
(1, 6, 4, '2020-10-25', 3),
(1, 7, 4, '2020-10-25', 3),
(1, 6, -4, '2020-10-25', 1),
(1, 7, -4, '2020-10-25', 1),
(1, 6, 4, '2020-10-25', 3),
(1, 7, 4, '2020-10-25', 3),
(1, 6, -4, '2020-10-25', 1),
(1, 7, -4, '2020-10-25', 1),
(1, 10, 50, '2020-10-25', 1),
(1, 9, 50, '2020-10-25', 1),
(1, 6, 45, '2020-10-25', 2),
(1, 9, 50, '2020-10-25', 2),
(1, 6, 45, '2020-10-25', 3),
(1, 9, 50, '2020-10-25', 3),
(1, 6, -45, '2020-10-25', 1),
(1, 9, -50, '2020-10-25', 1),
(2, 6, 55, '2020-10-25', 1),
(2, 10, 55, '2020-10-25', 1),
(2, 6, 40, '2020-10-25', 2),
(2, 10, 40, '2020-10-25', 2),
(2, 6, 40, '2020-10-25', 3),
(2, 10, 40, '2020-10-25', 3),
(2, 6, -40, '2020-10-25', 1),
(2, 10, -40, '2020-10-25', 1),
(2, 6, 40, '2020-10-25', 3),
(2, 10, 40, '2020-10-25', 3),
(2, 6, -40, '2020-10-25', 1),
(2, 10, -40, '2020-10-25', 1),
(1, 6, 400, '2020-10-25', 1),
(1, 7, 200, '2020-10-25', 1),
(1, 6, 200, '2020-10-26', 1),
(1, 6, 472, '2020-10-26', 2),
(1, 7, 272, '2020-10-26', 2),
(1, 6, 472, '2020-10-26', 3),
(1, 7, 272, '2020-10-26', 3),
(1, 6, -472, '2020-10-26', 1),
(1, 7, -272, '2020-10-26', 1),
(2, 6, 20, '2020-10-26', 1),
(2, 8, 20, '2020-10-26', 1),
(2, 6, 150, '2020-10-26', 1),
(2, 10, 100, '2020-10-26', 1),
(1, 11, 0, '2020-10-26', 1),
(2, 11, 0, '2020-10-26', 1),
(1, 6, 400, '2020-10-26', 1),
(1, 7, 400, '2020-10-26', 1),
(1, 7, 100, '2020-10-26', 2),
(1, 6, 100, '2020-10-26', 2),
(1, 7, 100, '2020-10-26', 3),
(1, 6, 100, '2020-10-26', 3),
(1, 7, -100, '2020-10-26', 1),
(1, 6, -100, '2020-10-26', 1),
(1, 6, 40, '2020-10-26', 1),
(1, 7, 40, '2020-10-26', 1),
(1, 6, 444, '2020-10-26', 1),
(1, 7, 444, '2020-10-26', 1),
(1, 6, 4444, '2020-10-26', 1),
(1, 9, 5555, '2020-10-26', 1),
(1, 6, 4444, '2020-10-26', 1),
(1, 9, 5555, '2020-10-26', 1),
(1, 6, 41, '2020-10-26', 1),
(1, 6, 41, '2020-10-26', 1),
(2, 7, 44, '2020-10-26', 1),
(2, 9, 44, '2020-10-26', 1),
(1, 6, 400, '2020-10-26', 1),
(1, 11, 500, '2020-10-26', 1),
(1, 6, 400, '2020-10-26', 2),
(1, 7, 400, '2020-10-26', 2),
(1, 6, 0, '2020-10-25', 1),
(2, 6, 0, '2020-10-25', 1),
(1, 7, 0, '2020-10-25', 1),
(2, 7, 0, '2020-10-25', 1),
(1, 8, 0, '2020-10-25', 1),
(2, 8, 0, '2020-10-25', 1),
(1, 9, 0, '2020-10-25', 1),
(2, 9, 0, '2020-10-25', 1),
(1, 10, 0, '2020-10-25', 1),
(2, 10, 0, '2020-10-25', 1),
(1, 6, 40, '2020-10-25', 1),
(1, 7, 40, '2020-10-25', 1),
(1, 6, 40, '2020-10-25', 1),
(1, 7, 40, '2020-10-25', 1),
(1, 6, 40, '2020-10-25', 2),
(1, 10, 50, '2020-10-25', 2),
(1, 6, 40, '2020-10-25', 3),
(1, 10, 50, '2020-10-25', 3),
(1, 6, 4, '2020-10-25', 2),
(1, 7, 4, '2020-10-25', 2),
(1, 6, 4, '2020-10-25', 3),
(1, 7, 4, '2020-10-25', 3),
(1, 6, -4, '2020-10-25', 1),
(1, 7, -4, '2020-10-25', 1),
(1, 6, 4, '2020-10-25', 3),
(1, 7, 4, '2020-10-25', 3),
(1, 6, -4, '2020-10-25', 1),
(1, 7, -4, '2020-10-25', 1),
(1, 10, 50, '2020-10-25', 1),
(1, 9, 50, '2020-10-25', 1),
(1, 6, 45, '2020-10-25', 2),
(1, 9, 50, '2020-10-25', 2),
(1, 6, 45, '2020-10-25', 3),
(1, 9, 50, '2020-10-25', 3),
(1, 6, -45, '2020-10-25', 1),
(1, 9, -50, '2020-10-25', 1),
(2, 6, 55, '2020-10-25', 1),
(2, 10, 55, '2020-10-25', 1),
(2, 6, 40, '2020-10-25', 2),
(2, 10, 40, '2020-10-25', 2),
(2, 6, 40, '2020-10-25', 3),
(2, 10, 40, '2020-10-25', 3),
(2, 6, -40, '2020-10-25', 1),
(2, 10, -40, '2020-10-25', 1),
(2, 6, 40, '2020-10-25', 3),
(2, 10, 40, '2020-10-25', 3),
(2, 6, -40, '2020-10-25', 1),
(2, 10, -40, '2020-10-25', 1),
(1, 6, 400, '2020-10-25', 1),
(1, 7, 200, '2020-10-25', 1),
(1, 6, 200, '2020-10-26', 1),
(1, 6, 472, '2020-10-26', 2),
(1, 7, 272, '2020-10-26', 2),
(1, 6, 472, '2020-10-26', 3),
(1, 7, 272, '2020-10-26', 3),
(1, 6, -472, '2020-10-26', 1),
(1, 7, -272, '2020-10-26', 1),
(2, 6, 20, '2020-10-26', 1),
(2, 8, 20, '2020-10-26', 1),
(2, 6, 150, '2020-10-26', 1),
(2, 10, 100, '2020-10-26', 1),
(1, 11, 0, '2020-10-26', 1),
(2, 11, 0, '2020-10-26', 1),
(1, 6, 400, '2020-10-26', 1),
(1, 7, 400, '2020-10-26', 1),
(1, 7, 100, '2020-10-26', 2),
(1, 6, 100, '2020-10-26', 2),
(1, 7, 100, '2020-10-26', 3),
(1, 6, 100, '2020-10-26', 3),
(1, 7, -100, '2020-10-26', 1),
(1, 6, -100, '2020-10-26', 1),
(1, 6, 40, '2020-10-26', 1),
(1, 7, 40, '2020-10-26', 1),
(1, 6, 444, '2020-10-26', 1),
(1, 7, 444, '2020-10-26', 1),
(1, 6, 4444, '2020-10-26', 1),
(1, 9, 5555, '2020-10-26', 1),
(1, 6, 4444, '2020-10-26', 1),
(1, 9, 5555, '2020-10-26', 1),
(1, 6, 41, '2020-10-26', 1),
(1, 6, 41, '2020-10-26', 1),
(2, 7, 44, '2020-10-26', 1),
(2, 9, 44, '2020-10-26', 1),
(1, 6, 400, '2020-10-26', 1),
(1, 11, 500, '2020-10-26', 1),
(1, 6, 400, '2020-10-26', 2),
(1, 7, 400, '2020-10-26', 2),
(1, 6, 0, '2020-10-25', 1),
(2, 6, 0, '2020-10-25', 1),
(1, 7, 0, '2020-10-25', 1),
(2, 7, 0, '2020-10-25', 1),
(1, 8, 0, '2020-10-25', 1),
(2, 8, 0, '2020-10-25', 1),
(1, 9, 0, '2020-10-25', 1),
(2, 9, 0, '2020-10-25', 1),
(1, 10, 0, '2020-10-25', 1),
(2, 10, 0, '2020-10-25', 1),
(1, 6, 40, '2020-10-25', 1),
(1, 7, 40, '2020-10-25', 1),
(1, 6, 40, '2020-10-25', 1),
(1, 7, 40, '2020-10-25', 1),
(1, 6, 40, '2020-10-25', 2),
(1, 10, 50, '2020-10-25', 2),
(1, 6, 40, '2020-10-25', 3),
(1, 10, 50, '2020-10-25', 3),
(1, 6, 4, '2020-10-25', 2),
(1, 7, 4, '2020-10-25', 2),
(1, 6, 4, '2020-10-25', 3),
(1, 7, 4, '2020-10-25', 3),
(1, 6, -4, '2020-10-25', 1),
(1, 7, -4, '2020-10-25', 1),
(1, 6, 4, '2020-10-25', 3),
(1, 7, 4, '2020-10-25', 3),
(1, 6, -4, '2020-10-25', 1),
(1, 7, -4, '2020-10-25', 1),
(1, 10, 50, '2020-10-25', 1),
(1, 9, 50, '2020-10-25', 1),
(1, 6, 45, '2020-10-25', 2),
(1, 9, 50, '2020-10-25', 2),
(1, 6, 45, '2020-10-25', 3),
(1, 9, 50, '2020-10-25', 3),
(1, 6, -45, '2020-10-25', 1),
(1, 9, -50, '2020-10-25', 1),
(2, 6, 55, '2020-10-25', 1),
(2, 10, 55, '2020-10-25', 1),
(2, 6, 40, '2020-10-25', 2),
(2, 10, 40, '2020-10-25', 2),
(2, 6, 40, '2020-10-25', 3),
(2, 10, 40, '2020-10-25', 3),
(2, 6, -40, '2020-10-25', 1),
(2, 10, -40, '2020-10-25', 1),
(2, 6, 40, '2020-10-25', 3),
(2, 10, 40, '2020-10-25', 3),
(2, 6, -40, '2020-10-25', 1),
(2, 10, -40, '2020-10-25', 1),
(1, 6, 400, '2020-10-25', 1),
(1, 7, 200, '2020-10-25', 1),
(1, 6, 200, '2020-10-26', 1),
(1, 6, 472, '2020-10-26', 2),
(1, 7, 272, '2020-10-26', 2),
(1, 6, 472, '2020-10-26', 3),
(1, 7, 272, '2020-10-26', 3),
(1, 6, -472, '2020-10-26', 1),
(1, 7, -272, '2020-10-26', 1),
(2, 6, 20, '2020-10-26', 1),
(2, 8, 20, '2020-10-26', 1),
(2, 6, 150, '2020-10-26', 1),
(2, 10, 100, '2020-10-26', 1),
(1, 11, 0, '2020-10-26', 1),
(2, 11, 0, '2020-10-26', 1),
(1, 6, 400, '2020-10-26', 1),
(1, 7, 400, '2020-10-26', 1),
(1, 7, 100, '2020-10-26', 2),
(1, 6, 100, '2020-10-26', 2),
(1, 7, 100, '2020-10-26', 3),
(1, 6, 100, '2020-10-26', 3),
(1, 7, -100, '2020-10-26', 1),
(1, 6, -100, '2020-10-26', 1),
(1, 6, 40, '2020-10-26', 1),
(1, 7, 40, '2020-10-26', 1),
(1, 6, 444, '2020-10-26', 1),
(1, 7, 444, '2020-10-26', 1),
(1, 6, 4444, '2020-10-26', 1),
(1, 9, 5555, '2020-10-26', 1),
(1, 6, 4444, '2020-10-26', 1),
(1, 9, 5555, '2020-10-26', 1),
(1, 6, 41, '2020-10-26', 1),
(1, 6, 41, '2020-10-26', 1),
(2, 7, 44, '2020-10-26', 1),
(2, 9, 44, '2020-10-26', 1),
(1, 6, 400, '2020-10-26', 1),
(1, 11, 500, '2020-10-26', 1),
(1, 6, 400, '2020-10-26', 2),
(1, 7, 400, '2020-10-26', 2);

-- --------------------------------------------------------

--
-- Table structure for table `stockstat`
--

CREATE TABLE `stockstat` (
  `idStat` int(11) NOT NULL,
  `Name` varchar(45) DEFAULT NULL
) ENGINE=InnoDB DEFAULT CHARSET=utf8;

--
-- Dumping data for table `stockstat`
--

INSERT INTO `stockstat` (`idStat`, `Name`) VALUES
(1, 'Sellable'),
(2, 'On-delivery'),
(3, 'Sold');

-- --------------------------------------------------------

--
-- Table structure for table `storage`
--

CREATE TABLE `storage` (
  `idStorage` int(11) NOT NULL,
  `idORG` int(11) NOT NULL,
  `StorageName` varchar(45) NOT NULL,
  `StorageStreet` varchar(45) NOT NULL,
  `StorageCountry` varchar(45) NOT NULL,
  `StorageCity` varchar(45) NOT NULL,
  `StoragePostalCode` varchar(45) NOT NULL,
  `Capacity` int(11) DEFAULT NULL,
  `Date_added` date DEFAULT curdate(),
  `deleted` tinyint(1) DEFAULT 0
) ENGINE=InnoDB DEFAULT CHARSET=utf8;

--
-- Dumping data for table `storage`
--

INSERT INTO `storage` (`idStorage`, `idORG`, `StorageName`, `StorageStreet`, `StorageCountry`, `StorageCity`, `StoragePostalCode`, `Capacity`, `Date_added`, `deleted`) VALUES
(1, 1, 'Euphoria CM001', 'Suthep no.14 road', 'Thailand', 'Chiangmai', '50200', 40000, '2020-10-26', 0),
(2, 1, 'Euphorai YU001', 'BaiYun road', 'China', 'Kunming', '650000', 40000, '2020-10-26', 0);

-- --------------------------------------------------------

--
-- Table structure for table `vendors`
--

CREATE TABLE `vendors` (
  `idVendors` int(11) NOT NULL,
  `VendorsName` varchar(60) NOT NULL,
  `VendorsStreet` varchar(60) DEFAULT NULL,
  `VendorCountry` varchar(60) DEFAULT NULL,
  `VendorsCity` varchar(45) DEFAULT NULL,
  `VendorsPostalCode` varchar(45) DEFAULT NULL,
  `Date_added` date NOT NULL DEFAULT curdate(),
  `phone` varchar(13) DEFAULT NULL,
  `email` varchar(45) DEFAULT NULL,
  `deleted` tinyint(1) DEFAULT 0
) ENGINE=InnoDB DEFAULT CHARSET=utf8;

--
-- Dumping data for table `vendors`
--

INSERT INTO `vendors` (`idVendors`, `VendorsName`, `VendorsStreet`, `VendorCountry`, `VendorsCity`, `VendorsPostalCode`, `Date_added`, `phone`, `email`, `deleted`) VALUES
(1, 'Electronic Company', '173/70 Jarunsanitwong 22, Bangchang lor', 'Thailand', 'Bangkok', '10700', '2020-10-25', '0929649152', 'double-decade1@hotmail.com', 0),
(2, 'NUNEAR', '173/70 Jarunsanitwong 22 ', '173/70 Jarunsanitwong 22 ', 'Bangkok', '10700', '2020-10-26', '0929649152', 'dddd@gmail.com', 1);

--
-- Indexes for dumped tables
--

--
-- Indexes for table `conmat`
--
ALTER TABLE `conmat`
  ADD PRIMARY KEY (`id`),
  ADD KEY `fk_MaterialCon_Material1_idx` (`idMat`);

--
-- Indexes for table `customer`
--
ALTER TABLE `customer`
  ADD PRIMARY KEY (`idCustomer`);

--
-- Indexes for table `discountdetails`
--
ALTER TABLE `discountdetails`
  ADD KEY `fk_DiscountDetails_doc_has_discount1_idx` (`id`);

--
-- Indexes for table `documentdetails`
--
ALTER TABLE `documentdetails`
  ADD KEY `fk_DocumentDetails_Material1_idx` (`idMaterial`),
  ADD KEY `fk_DocumentDetails_MMdocument1` (`idDoc`);

--
-- Indexes for table `documentstat`
--
ALTER TABLE `documentstat`
  ADD PRIMARY KEY (`idDocStat`);

--
-- Indexes for table `doc_has_discount`
--
ALTER TABLE `doc_has_discount`
  ADD PRIMARY KEY (`id`);

--
-- Indexes for table `material`
--
ALTER TABLE `material`
  ADD PRIMARY KEY (`idMaterial`);

--
-- Indexes for table `mmdoctype`
--
ALTER TABLE `mmdoctype`
  ADD PRIMARY KEY (`idDocType`);

--
-- Indexes for table `mmdocument`
--
ALTER TABLE `mmdocument`
  ADD PRIMARY KEY (`idDoc`),
  ADD KEY `fk_MMdocument_MMDocType1_idx` (`DocType`),
  ADD KEY `fk_MMdocument_Vendors1_idx` (`idVendors`),
  ADD KEY `fk_MMdocument_MMdocument1_idx` (`idRef`),
  ADD KEY `fk_MMdocument_DocumentStat1_idx` (`Stat`),
  ADD KEY `fk_MMdocument_Storage1_idx` (`idStorage`);

--
-- Indexes for table `org`
--
ALTER TABLE `org`
  ADD PRIMARY KEY (`idORG`);

--
-- Indexes for table `sddoc`
--
ALTER TABLE `sddoc`
  ADD PRIMARY KEY (`idDoc`),
  ADD KEY `fk_SdDocument_SDtype1_idx` (`Type`),
  ADD KEY `fk_SdDocument_SdDocument1_idx` (`idRef`),
  ADD KEY `fk_SDDoc_doc_has_discount1_idx` (`idDiscount`),
  ADD KEY `fk_SDDoc_DocumentStat1_idx` (`Stat`),
  ADD KEY `fk_SDDoc_Customer1_idx` (`idCustomer`),
  ADD KEY `fk_SDDoc_Storage1_idx` (`idStorage`);

--
-- Indexes for table `sddocdetails`
--
ALTER TABLE `sddocdetails`
  ADD KEY `fk_SdDocDetails_Material1_idx` (`matID`),
  ADD KEY `fk_SdDocDetails_SDDoc1_idx` (`idDoc`);

--
-- Indexes for table `sdtype`
--
ALTER TABLE `sdtype`
  ADD PRIMARY KEY (`Type`);

--
-- Indexes for table `sources`
--
ALTER TABLE `sources`
  ADD PRIMARY KEY (`idSources`),
  ADD KEY `fk_Sources_Vendors1_idx` (`idVendors`),
  ADD KEY `fk_Sources_Material1_idx` (`idMaterial`);

--
-- Indexes for table `stock`
--
ALTER TABLE `stock`
  ADD KEY `fk_Stock_Material1_idx` (`idMaterial`),
  ADD KEY `fk_Stock_Storage1_idx` (`idStorage`),
  ADD KEY `fk_Stock_StockStat1_idx` (`StockStat`);

--
-- Indexes for table `stockstat`
--
ALTER TABLE `stockstat`
  ADD PRIMARY KEY (`idStat`);

--
-- Indexes for table `storage`
--
ALTER TABLE `storage`
  ADD PRIMARY KEY (`idStorage`),
  ADD KEY `fk_Storage_ORG_idx` (`idORG`);

--
-- Indexes for table `vendors`
--
ALTER TABLE `vendors`
  ADD PRIMARY KEY (`idVendors`);

--
-- AUTO_INCREMENT for dumped tables
--

--
-- AUTO_INCREMENT for table `conmat`
--
ALTER TABLE `conmat`
  MODIFY `id` int(11) NOT NULL AUTO_INCREMENT, AUTO_INCREMENT=3;

--
-- AUTO_INCREMENT for table `customer`
--
ALTER TABLE `customer`
  MODIFY `idCustomer` int(11) NOT NULL AUTO_INCREMENT, AUTO_INCREMENT=5;

--
-- AUTO_INCREMENT for table `doc_has_discount`
--
ALTER TABLE `doc_has_discount`
  MODIFY `id` int(11) NOT NULL AUTO_INCREMENT, AUTO_INCREMENT=11;

--
-- AUTO_INCREMENT for table `material`
--
ALTER TABLE `material`
  MODIFY `idMaterial` int(11) NOT NULL AUTO_INCREMENT, AUTO_INCREMENT=12;

--
-- AUTO_INCREMENT for table `mmdoctype`
--
ALTER TABLE `mmdoctype`
  MODIFY `idDocType` int(11) NOT NULL AUTO_INCREMENT, AUTO_INCREMENT=5;

--
-- AUTO_INCREMENT for table `mmdocument`
--
ALTER TABLE `mmdocument`
  MODIFY `idDoc` int(10) UNSIGNED ZEROFILL NOT NULL AUTO_INCREMENT, AUTO_INCREMENT=61;

--
-- AUTO_INCREMENT for table `org`
--
ALTER TABLE `org`
  MODIFY `idORG` int(11) NOT NULL AUTO_INCREMENT, AUTO_INCREMENT=2;

--
-- AUTO_INCREMENT for table `sddoc`
--
ALTER TABLE `sddoc`
  MODIFY `idDoc` int(10) UNSIGNED ZEROFILL NOT NULL AUTO_INCREMENT, AUTO_INCREMENT=56;

--
-- AUTO_INCREMENT for table `sdtype`
--
ALTER TABLE `sdtype`
  MODIFY `Type` int(11) NOT NULL AUTO_INCREMENT, AUTO_INCREMENT=7;

--
-- AUTO_INCREMENT for table `sources`
--
ALTER TABLE `sources`
  MODIFY `idSources` int(11) NOT NULL AUTO_INCREMENT, AUTO_INCREMENT=3;

--
-- AUTO_INCREMENT for table `stockstat`
--
ALTER TABLE `stockstat`
  MODIFY `idStat` int(11) NOT NULL AUTO_INCREMENT, AUTO_INCREMENT=4;

--
-- AUTO_INCREMENT for table `storage`
--
ALTER TABLE `storage`
  MODIFY `idStorage` int(11) NOT NULL AUTO_INCREMENT, AUTO_INCREMENT=3;

--
-- AUTO_INCREMENT for table `vendors`
--
ALTER TABLE `vendors`
  MODIFY `idVendors` int(11) NOT NULL AUTO_INCREMENT, AUTO_INCREMENT=3;

--
-- Constraints for dumped tables
--

--
-- Constraints for table `conmat`
--
ALTER TABLE `conmat`
  ADD CONSTRAINT `fk_MaterialCon_Material1` FOREIGN KEY (`idMat`) REFERENCES `material` (`idMaterial`) ON DELETE NO ACTION ON UPDATE NO ACTION;

--
-- Constraints for table `discountdetails`
--
ALTER TABLE `discountdetails`
  ADD CONSTRAINT `fk_DiscountDetails_doc_has_discount1` FOREIGN KEY (`id`) REFERENCES `doc_has_discount` (`id`) ON DELETE NO ACTION ON UPDATE NO ACTION;

--
-- Constraints for table `documentdetails`
--
ALTER TABLE `documentdetails`
  ADD CONSTRAINT `fk_DocumentDetails_MMdocument1` FOREIGN KEY (`idDoc`) REFERENCES `mmdocument` (`idDoc`) ON DELETE NO ACTION ON UPDATE NO ACTION,
  ADD CONSTRAINT `fk_DocumentDetails_Material1` FOREIGN KEY (`idMaterial`) REFERENCES `material` (`idMaterial`) ON DELETE NO ACTION ON UPDATE NO ACTION;

--
-- Constraints for table `mmdocument`
--
ALTER TABLE `mmdocument`
  ADD CONSTRAINT `fk_MMdocument_DocumentStat1` FOREIGN KEY (`Stat`) REFERENCES `documentstat` (`idDocStat`) ON DELETE NO ACTION ON UPDATE NO ACTION,
  ADD CONSTRAINT `fk_MMdocument_MMDocType1` FOREIGN KEY (`DocType`) REFERENCES `mmdoctype` (`idDocType`) ON DELETE NO ACTION ON UPDATE NO ACTION,
  ADD CONSTRAINT `fk_MMdocument_MMdocument1` FOREIGN KEY (`idRef`) REFERENCES `mmdocument` (`idDoc`) ON DELETE NO ACTION ON UPDATE NO ACTION,
  ADD CONSTRAINT `fk_MMdocument_Storage1` FOREIGN KEY (`idStorage`) REFERENCES `storage` (`idStorage`) ON DELETE NO ACTION ON UPDATE NO ACTION,
  ADD CONSTRAINT `fk_MMdocument_Vendors1` FOREIGN KEY (`idVendors`) REFERENCES `vendors` (`idVendors`) ON DELETE NO ACTION ON UPDATE NO ACTION;

--
-- Constraints for table `sddoc`
--
ALTER TABLE `sddoc`
  ADD CONSTRAINT `fk_SDDoc_Customer1` FOREIGN KEY (`idCustomer`) REFERENCES `customer` (`idCustomer`) ON DELETE NO ACTION ON UPDATE NO ACTION,
  ADD CONSTRAINT `fk_SDDoc_DocumentStat1` FOREIGN KEY (`Stat`) REFERENCES `documentstat` (`idDocStat`) ON DELETE NO ACTION ON UPDATE NO ACTION,
  ADD CONSTRAINT `fk_SDDoc_Storage1` FOREIGN KEY (`idStorage`) REFERENCES `storage` (`idStorage`) ON DELETE NO ACTION ON UPDATE NO ACTION,
  ADD CONSTRAINT `fk_SDDoc_doc_has_discount1` FOREIGN KEY (`idDiscount`) REFERENCES `doc_has_discount` (`id`) ON DELETE NO ACTION ON UPDATE NO ACTION,
  ADD CONSTRAINT `fk_SdDocument_SDtype1` FOREIGN KEY (`Type`) REFERENCES `sdtype` (`Type`) ON DELETE NO ACTION ON UPDATE NO ACTION,
  ADD CONSTRAINT `fk_SdDocument_SdDocument1` FOREIGN KEY (`idRef`) REFERENCES `sddoc` (`idDoc`) ON DELETE NO ACTION ON UPDATE NO ACTION;

--
-- Constraints for table `sddocdetails`
--
ALTER TABLE `sddocdetails`
  ADD CONSTRAINT `fk_SdDocDetails_Material1` FOREIGN KEY (`matID`) REFERENCES `material` (`idMaterial`) ON DELETE NO ACTION ON UPDATE NO ACTION,
  ADD CONSTRAINT `fk_SdDocDetails_SDDoc1` FOREIGN KEY (`idDoc`) REFERENCES `sddoc` (`idDoc`) ON DELETE NO ACTION ON UPDATE NO ACTION;

--
-- Constraints for table `sources`
--
ALTER TABLE `sources`
  ADD CONSTRAINT `fk_Sources_Material1` FOREIGN KEY (`idMaterial`) REFERENCES `material` (`idMaterial`) ON DELETE NO ACTION ON UPDATE NO ACTION,
  ADD CONSTRAINT `fk_Sources_Vendors1` FOREIGN KEY (`idVendors`) REFERENCES `vendors` (`idVendors`) ON DELETE NO ACTION ON UPDATE NO ACTION;

--
-- Constraints for table `stock`
--
ALTER TABLE `stock`
  ADD CONSTRAINT `fk_Stock_Material1` FOREIGN KEY (`idMaterial`) REFERENCES `material` (`idMaterial`) ON DELETE NO ACTION ON UPDATE NO ACTION,
  ADD CONSTRAINT `fk_Stock_StockStat1` FOREIGN KEY (`StockStat`) REFERENCES `stockstat` (`idStat`) ON DELETE NO ACTION ON UPDATE NO ACTION,
  ADD CONSTRAINT `fk_Stock_Storage1` FOREIGN KEY (`idStorage`) REFERENCES `storage` (`idStorage`) ON DELETE NO ACTION ON UPDATE NO ACTION;

--
-- Constraints for table `storage`
--
ALTER TABLE `storage`
  ADD CONSTRAINT `fk_Storage_ORG` FOREIGN KEY (`idORG`) REFERENCES `org` (`idORG`) ON DELETE NO ACTION ON UPDATE NO ACTION;
COMMIT;

/*!40101 SET CHARACTER_SET_CLIENT=@OLD_CHARACTER_SET_CLIENT */;
/*!40101 SET CHARACTER_SET_RESULTS=@OLD_CHARACTER_SET_RESULTS */;
/*!40101 SET COLLATION_CONNECTION=@OLD_COLLATION_CONNECTION */;
